brand,category,price,cat_avg,premium_pct
Abbott's Bakery,Bakery,5.366666666666667,4.643089430894309,15.58396077744703
Abe's Bagels,Bakery,5.0,4.643089430894309,7.686919978987908
Ajax,Household,3.5,6.624045801526718,-47.16220109478537
Annalisa,Pantry,1.9,2.83953488372093,-33.08763308763309
Ardmona,Pantry,1.4,2.83953488372093,-50.696150696150696
Armada,Household,2.9678571428571425,6.624045801526718,-55.19570317323127
Arnott's,Snacks,4.024,4.00984251968504,0.35306823760430994
Avocado,Fruit & Veg,6.9,3.7485365853658537,84.07183291040407
Bakery Du Jour,Bakery,3.6,4.643089430894309,-22.465417615128704
Band-Aid,Health & Wellness,3.5,7.783969465648855,-55.03579484162009
Bega,Dairy & Eggs,9.633333333333333,4.79140625,101.05440513071362
Bega,Pantry,6.9,2.83953488372093,142.99754299754304
Bell Farms,Frozen,3.05,6.665748031496062,-54.24369499734215
Bellis,Health & Wellness,1.0,7.783969465648855,-87.15308424046289
Ben's Original,Pantry,2.0,2.83953488372093,-29.565929565929565
Bertocchi,Meat & Seafood,24.25,15.261705426356588,58.89443101241392
Bibigo,Frozen,8.925,6.665748031496062,33.89344988482667
Birds Eye,Frozen,6.714285714285714,6.665748031496062,0.7281655796214993
Blackberry,Fruit & Veg,4.7,3.7485365853658537,25.3822629969419
Blue Ribbon,Frozen,6.5,6.665748031496062,-2.4865631090898273
Bonsoy,Dairy & Eggs,4.5,4.79140625,-6.081852274580133
Bonsoy,Drinks,4.5,7.194803149606299,-37.454855867095674
Bonsoy,Pantry,4.5,2.83953488372093,58.476658476658486
Bosisto's,Health & Wellness,9.6,7.783969465648855,23.330391291556328
Bravo,Fruit & Veg,1.03,3.7485365853658537,-72.52261044960635
Bref,Household,5.625,6.624045801526718,-15.082108902333621
Brioche Gourmet,Bakery,6.5,4.643089430894309,39.992995972684284
Bulla,Dairy & Eggs,5.2125,4.79140625,8.78852111527802
Bulla,Frozen,7.0,6.665748031496062,5.014470497903263
Bundaberg,Drinks,7.7,7.194803149606299,7.021691071858519
Burgen,Bakery,6.0,4.643089430894309,29.22430397478549
Buttercup,Bakery,4.4,4.643089430894309,-5.235510418490633
Cadbury,Bakery,6.9,4.643089430894309,48.607949571003324
Cadbury,Drinks,8.0,7.194803149606299,11.191367347385471
Cadbury,Pantry,8.4,2.83953488372093,195.82309582309585
Cadbury,Snacks,4.666666666666667,4.00984251968504,16.380297823596788
Campbell's,Pantry,2.4166666666666665,2.83953488372093,-14.892164892164898
Captain's Table,Snacks,2.2,4.00984251968504,-45.13500245459009
Ceres Organics,Health & Wellness,4.9,7.783969465648855,-37.050112778268115
Ceres Organics,Snacks,4.0,4.00984251968504,-0.2454590083456169
Chicken Sandwich,Meat & Seafood,1.4,15.261705426356588,-90.82671326113899
Chobani,Dairy & Eggs,5.300000000000001,4.79140625,10.61470732105008
Choice,Pantry,1.0,2.83953488372093,-64.78296478296478
Cholula,Pantry,5.175,2.83953488372093,82.24815724815724
Chris',Dairy & Eggs,4.1000000000000005,4.79140625,-14.43013207239522
Clean,Household,3.5,6.624045801526718,-47.16220109478537
Clearblue,Health & Wellness,26.8,7.783969465648855,244.2973423555948
Cloverdale,Pantry,3.75,2.83953488372093,32.06388206388206
Cobs,Snacks,3.75,4.00984251968504,-6.480117820324017
Coca-Cola,Drinks,13.214285714285714,7.194803149606299,83.66431213630635
Cocobella,Drinks,4.4,7.194803149606299,-38.84474795893799
Cococoast,Drinks,2.5,7.194803149606299,-65.25269770394205
Cold Power,Household,20.285714285714285,6.624045801526718,206.24356916491746
Connoisseur,Frozen,13.0,6.665748031496062,95.02687378182034
Cottee's,Pantry,3.8,2.83953488372093,33.82473382473382
Country Fresh,Fruit & Veg,6.9,3.7485365853658537,84.07183291040407
Creative Gourmet,Frozen,5.616666666666667,6.665748031496062,-15.738389148110945
D'Orsogna,Meat & Seafood,21.433333333333334,15.261705426356588,40.43865174018165
Dairy Farmers,Dairy & Eggs,4.65,4.79140625,-2.9512473503994636
Dairyworks,Dairy & Eggs,7.5,4.79140625,56.53024620903311
Deep Cove,Pantry,1.1,2.83953488372093,-61.261261261261254
Devondale,Dairy & Eggs,2.2,4.79140625,-54.084461112016946
Devondale,Drinks,3.3299999999999996,7.194803149606299,-53.7165933416508
Devondale,Pantry,2.2,2.83953488372093,-22.522522522522515
Difflam,Health & Wellness,4.5,7.783969465648855,-42.18887908208297
Dilmah,Pantry,4.8,2.83953488372093,69.04176904176904
Dolmio,Pantry,3.9,2.83953488372093,37.34643734643734
Domestos,Household,6.6,6.624045801526718,-0.36300777873812223
Don,Meat & Seafood,18.75,15.261705426356588,22.856518824031376
Don Melosi,Meat & Seafood,24.0,15.261705426356588,57.25634409476016
Doritos,Snacks,4.25,4.00984251968504,5.989199803632782
Double 'D',Health & Wellness,2.7,7.783969465648855,-65.31332744924978
Driscoll's,Fruit & Veg,4.5,3.7485365853658537,20.046847550263518
Dynamo,Household,16.5,6.624045801526718,149.09248055315473
Earth Choice,Household,5.1571428571428575,6.624045801526718,-22.145120796806186
Earthwise,Household,11.583333333333334,6.624045801526718,74.86795351963892
Envy,Fruit & Veg,1.31,3.7485365853658537,-65.05302882425661
Essentials,Dairy & Eggs,7.0,4.79140625,46.09489646176424
Essentials,Frozen,2.9416666666666664,6.665748031496062,-55.868918945523994
Essentials,Household,2.2062500000000003,6.624045801526718,-66.69331604724862
Essentials,Pantry,1.7552631578947369,2.83953488372093,-38.184835553256605
Extra,Snacks,5.0,4.00984251968504,24.69317623956798
Fanta,Drinks,4.2,7.194803149606299,-41.62453214262263
Fantastic,Pantry,1.75,2.83953488372093,-38.370188370188366
Fantastic,Snacks,2.5,4.00984251968504,-37.65341188021601
Farmers Union,Dairy & Eggs,3.8200000000000003,4.79140625,-20.273927930865796
Farmhouse Gold,Dairy & Eggs,4.95,4.79140625,3.3099624979618567
Findus,Frozen,2.75,6.665748031496062,-58.744315161538005
Finish,Household,9.25,6.624045801526718,39.64275424949582
First Response,Health & Wellness,27.75,7.783969465648855,256.501912327155
Fluffy,Household,9.5,6.624045801526718,43.416882742725434
Foodbank,Household,10.0,6.624045801526718,50.96513972918467
Four'N Twenty,Frozen,4.75,6.665748031496062,-28.74018073356564
Frantelle,Drinks,12.0,7.194803149606299,66.7870510210782
Freedom,Health & Wellness,6.0,7.783969465648855,-22.918505442777292
FreshLife,Health & Wellness,7.0,7.783969465648855,-10.071589683240173
Frisp,Health & Wellness,6.0,7.783969465648855,-22.918505442777292
Fun Mix,Snacks,8.9,4.00984251968504,121.95385370643102
Funday,Health & Wellness,3.5,7.783969465648855,-55.03579484162009
Gatorade,Drinks,5.85,7.194803149606299,-18.69131262722438
Gevity Rx,Health & Wellness,15.15,7.783969465648855,94.63077375698734
Glad,Household,5.441666666666666,6.624045801526718,-17.84980313070201
Glicks,Bakery,3.9,4.643089430894309,-16.004202416389436
Golden,Bakery,4.228571428571429,4.643089430894309,-8.927633389198796
Golden Circle,Drinks,5.5,7.194803149606299,-23.555934948672487
Golden Days,Health & Wellness,4.333333333333333,7.783969465648855,-44.33003170867249
Golden Palm,Health & Wellness,11.2,7.783969465648855,43.885456506815714
Greenseas,Pantry,1.35,2.83953488372093,-52.45700245700245
Grenade,Health & Wellness,5.0,7.783969465648855,-35.765421202314414
Handee,Household,5.2625,6.624045801526718,-20.554595217516564
Hans,Meat & Seafood,14.25,15.261705426356588,-6.6290456937361535
Harpic,Household,7.0,6.624045801526718,5.67559781042927
Healtheries,Health & Wellness,4.5,7.783969465648855,-42.18887908208297
Helga's,Bakery,4.9399999999999995,4.643089430894309,6.3946769392400435
Help@Hand,Health & Wellness,3.0,7.783969465648855,-61.459252721388644
Herbert Adams,Frozen,8.0,6.665748031496062,20.01653771188944
Hercules,Household,2.45,6.624045801526718,-63.01354076634975
Hillview,Dairy & Eggs,9.3,4.79140625,94.09750529920106
Indomie,Pantry,3.95,2.83953488372093,39.10728910728912
Ingham's,Frozen,11.125,6.665748031496062,66.89799775559626
Ingham's,Meat & Seafood,20.875,15.261705426356588,36.780257624088264
Jazz,Fruit & Veg,1.31,3.7485365853658537,-65.05302882425661
Just Caught,Frozen,11.6,6.665748031496062,74.0239796822397
Kanzi,Fruit & Veg,3.3733333333333335,3.7485365853658537,-10.009326132691342
Kellogg's,Pantry,7.0,2.83953488372093,146.51924651924654
Kez's Kitchen,Health & Wellness,6.0,7.783969465648855,-22.918505442777292
Kinder,Snacks,1.5,4.00984251968504,-62.5920471281296
Kirks,Drinks,5.550000000000001,7.194803149606299,-22.86098890275132
KitKat,Snacks,3.0,4.00984251968504,-25.184094256259215
Kleenex,Household,5.8999999999999995,6.624045801526718,-10.930567559781052
Koja,Health & Wellness,6.833333333333333,7.783969465648855,-12.212742309829697
La Gina,Pantry,1.95,2.83953488372093,-31.32678132678133
La Mesita,Pantry,1.25,2.83953488372093,-55.978705978705975
Leggo's,Pantry,2.3,2.83953488372093,-19.000819000819007
Liddells,Drinks,3.2,7.194803149606299,-55.523453061045814
Lotus,Snacks,2.65,4.00984251968504,-33.91261659302897
Lurpak,Dairy & Eggs,7.75,4.79140625,61.747921082667546
Luv-A-Duck,Meat & Seafood,10.666666666666666,15.261705426356588,-30.108291513439934
Lyher,Health & Wellness,20.0,7.783969465648855,156.93831519074234
Macro,Dairy & Eggs,2.65,4.79140625,-44.69264633947497
Macro,Frozen,7.866666666666667,6.665748031496062,18.016262083357958
Macro,Fruit & Veg,1.24,3.7485365853658537,-66.92042423059405
Macro,Health & Wellness,5.966666666666667,7.783969465648855,-23.346735968095196
Macro,Meat & Seafood,14.83111111111111,15.261705426356588,-2.8214036584787765
Macro,Pantry,1.9583333333333333,2.83953488372093,-31.033306033306037
Macro,Snacks,3.7,4.00984251968504,-7.727049582719692
Macy and Tailor,Snacks,2.0,4.00984251968504,-50.12272950417282
Mainland,Dairy & Eggs,10.6,4.79140625,121.22941464210012
Mandarin,Fruit & Veg,0.77,3.7485365853658537,-79.45865053028824
Marathon,Frozen,13.0,6.665748031496062,95.02687378182034
Market Value,Meat & Seafood,11.0,15.261705426356588,-27.924175623234927
Mars,Snacks,6.166666666666667,4.00984251968504,53.78825069546718
MasterFoods,Pantry,3.325,2.83953488372093,17.096642096642103
Masterfoods,Pantry,4.875,2.83953488372093,71.68304668304668
McCain,Frozen,6.296296296296297,6.665748031496062,-5.542539763790709
Menissez,Bakery,2.9,4.643089430894309,-37.541586412187016
Mighty Soft,Bakery,4.5,4.643089430894309,-3.0817720189108826
Milky Way,Snacks,7.5,4.00984251968504,87.03976435935196
Milo,Drinks,11.125,7.194803149606299,54.62549521745792
Mini-Roma,Fruit & Veg,3.0,3.7485365853658537,-19.968768299824323
Mission,Bakery,4.9375,4.643089430894309,6.34083347925056
Moccona,Drinks,14.5,7.194803149606299,101.53435331713617
Moira Mac's,Meat & Seafood,30.15,15.261705426356588,97.55328226904244
Monster,Drinks,6.6,7.194803149606299,-8.267121938406992
Morning Fresh,Household,9.0,6.624045801526718,35.868625756266205
Mother Earth,Snacks,3.8,4.00984251968504,-5.233186057928341
Mount Franklin,Drinks,18.478571428571428,7.194803149606299,156.8322029711484
Mr Kipling,Bakery,6.2,4.643089430894309,33.53178077394501
Mt Ossa,Drinks,4.75,7.194803149606299,-33.98012563748988
Multix,Household,7.0,6.624045801526718,5.67559781042927
Musashi,Health & Wellness,5.1,7.783969465648855,-34.4807296263607
Muscle Nation,Dairy & Eggs,3.0,4.79140625,-37.387901516386755
Muscle Nation,Health & Wellness,13.825000000000001,7.783969465648855,77.60861037560068
Mutti,Pantry,2.3,2.83953488372093,-19.000819000819007
My Eco Bag,Household,4.7,6.624045801526718,-29.046384327283203
Mylanta,Health & Wellness,8.5,7.783969465648855,9.198783956065505
Natpat,Household,14.5,6.624045801526718,118.89945260731778
Nestle,Dairy & Eggs,2.05,4.79140625,-57.21506603619761
Nestle,Drinks,4.0,7.194803149606299,-44.40431632630727
Nestle,Pantry,4.0,2.83953488372093,40.86814086814087
Nicaway,Health & Wellness,27.0,7.783969465648855,246.8667255075022
Nice & Natural,Pantry,5.6000000000000005,2.83953488372093,97.21539721539723
Nice & Natural,Snacks,8.0,4.00984251968504,99.50908198330876
Noshu,Pantry,5.9,2.83953488372093,107.78050778050779
Nu Pure,Drinks,11.0,7.194803149606299,52.88813010265502
Nutella,Pantry,12.5,2.83953488372093,340.2129402129402
Nutella,Snacks,1.4,4.00984251968504,-65.08591065292096
Nuttelex,Drinks,1.65,7.194803149606299,-77.06678048460174
Old El Paso,Pantry,2.7,2.83953488372093,-4.914004914004908
Oreo,Snacks,5.0,4.00984251968504,24.69317623956798
Pampas,Frozen,5.5,6.665748031496062,-17.488630323076006
Panadol,Health & Wellness,5.7,7.783969465648855,-26.772580170638427
Parker's,Snacks,4.0,4.00984251968504,-0.2454590083456169
Pascall,Snacks,5.0,4.00984251968504,24.69317623956798
Patties,Frozen,9.7,6.665748031496062,45.520051975665936
Pauls,Dairy & Eggs,3.5,4.79140625,-26.952551769117882
Pauls,Drinks,3.0,7.194803149606299,-58.30323724473045
Pauls,Pantry,3.0,2.83953488372093,5.651105651105652
Peckish,Snacks,2.0,4.00984251968504,-50.12272950417282
Peppercorn,Meat & Seafood,10.0,15.261705426356588,-34.47652329384993
Pepsi,Drinks,18.6675,7.194803149606299,159.45810624466478
Perfect Italiano,Dairy & Eggs,7.5,4.79140625,56.53024620903311
Peters,Frozen,9.335714285714285,6.665748031496062,40.05501320485669
Powerade,Drinks,2.25,7.194803149606299,-68.72742793354783
Praise,Pantry,3.5,2.83953488372093,23.25962325962326
Pringles,Snacks,4.525,4.00984251968504,12.847324496809028
PureHarvest,Dairy & Eggs,2.6,4.79140625,-45.73618131420185
PureHarvest,Drinks,2.6,7.194803149606299,-63.86280561209973
PureHarvest,Pantry,2.6,2.83953488372093,-8.435708435708431
Pureau,Drinks,9.6,7.194803149606299,33.42964081686256
Pureharvest,Health & Wellness,4.3,7.783969465648855,-44.75826223399039
Quilton,Household,6.204545454545454,6.624045801526718,-6.33299284984679
Radiant,Household,22.0,6.624045801526718,232.12330740420626
Raw C,Drinks,5.5,7.194803149606299,-23.555934948672487
Real Foods,Snacks,1.65,4.00984251968504,-58.85125184094257
Red,Fruit & Veg,1.98,3.7485365853658537,-47.17938707788406
Red Bull,Drinks,12.84,7.194803149606299,78.46214459255368
Red Rock Deli,Snacks,6.58,4.00984251968504,64.09621993127146
Refresh,Household,2.4,6.624045801526718,-63.76836646499567
Ritz,Snacks,3.0,4.00984251968504,-25.184094256259215
Rokeby,Dairy & Eggs,4.0875,4.79140625,-14.691015816076947
Sakata,Snacks,3.1666666666666665,4.00984251968504,-21.027655048273616
San Remo,Health & Wellness,4.5,7.783969465648855,-42.18887908208297
San Remo,Pantry,2.95,2.83953488372093,3.8902538902538977
Sanitarium,Dairy & Eggs,2.8000000000000003,4.79140625,-41.562041415294296
Sanitarium,Drinks,2.88,7.194803149606299,-59.97110775494123
Sanitarium,Pantry,2.8000000000000003,2.83953488372093,-1.3923013923013823
Sara Lee,Frozen,9.0,6.665748031496062,35.01860492587562
Sard,Household,8.0,6.624045801526718,20.77211178334774
Schweppes,Drinks,4.15,7.194803149606299,-42.31947818854378
Scotts,Frozen,6.0,6.665748031496062,-9.987596716082917
Shine,Household,3.025,6.624045801526718,-54.33304523192164
Simson's Pantry,Bakery,6.5,4.643089430894309,39.992995972684284
Sirena,Pantry,2.9500000000000006,2.83953488372093,3.8902538902539128
Smith's,Snacks,5.6499999999999995,4.00984251968504,40.9032891507118
Snickers,Snacks,3.0,4.00984251968504,-25.184094256259215
So Good,Drinks,3.0,7.194803149606299,-58.30323724473045
Soften,Household,3.0,6.624045801526718,-54.710458081244596
Solo,Drinks,13.935,7.194803149606299,93.68146299822708
Sorbent,Household,6.56,6.624045801526718,-0.9668683376548615
Sprite,Drinks,9.799999999999999,7.194803149606299,36.209425000547185
Spud Lite,Fruit & Veg,8.0,3.7485365853658537,113.41661786713514
Steggles,Frozen,11.2,6.665748031496062,68.02315279664522
Steggles,Meat & Seafood,17.5,15.261705426356588,14.66608423576262
Strike,Household,2.55,6.624045801526718,-61.50388936905791
Sunbites,Snacks,4.0,4.00984251968504,-0.2454590083456169
Sunny Queen,Dairy & Eggs,10.75,4.79140625,124.3600195662808
Sunrice,Pantry,3.55,2.83953488372093,25.020475020475015
Sunrice,Snacks,2.1,4.00984251968504,-47.628865979381445
Superior Gold,Meat & Seafood,14.0,15.261705426356588,-8.267132611389906
Swisspers,Health & Wellness,4.65,7.783969465648855,-40.2618417181524
Symphony,Household,5.0,6.624045801526718,-24.517430135407665
Table Of Plenty,Health & Wellness,6.714285714285714,7.783969465648855,-13.742137043107919
Tamar Valley,Dairy & Eggs,2.7,4.79140625,-43.64911136474808
Tassal,Meat & Seafood,15.916666666666666,15.261705426356588,4.291533757288853
Tasty Mix,Snacks,8.9,4.00984251968504,121.95385370643102
The Happy Snack Company,Health & Wellness,6.0,7.783969465648855,-22.918505442777292
The Natural Confectionery Co.,Snacks,5.0,4.00984251968504,24.69317623956798
The Odd Bunch,Fruit & Veg,3.4799999999999995,3.7485365853658537,-7.163771227796226
Tip Top,Bakery,4.8125,4.643089430894309,3.6486604797758613
Top 20,Snacks,7.5,4.00984251968504,87.03976435935196
Toscano,Bakery,7.066666666666666,4.643089430894309,52.1975135703029
Tostitos,Snacks,5.2,4.00984251968504,29.680903289150702
True Fruit,Health & Wellness,5.8,7.783969465648855,-25.487888594684716
Twinings,Drinks,6.75,7.194803149606299,-6.182283800643509
Twinings,Pantry,6.75,2.83953488372093,137.7149877149877
Twix,Snacks,3.0,4.00984251968504,-25.184094256259215
Ultimate,Dairy & Eggs,6.0,4.79140625,25.224196967226487
Umami,Frozen,2.5,6.665748031496062,-62.49483196503455
V,Drinks,7.2,7.194803149606299,0.07223061264692647
V Energy,Drinks,7.2,7.194803149606299,0.07223061264692647
Vaalia,Dairy & Eggs,3.408333333333333,4.79140625,-28.865699222783842
Vanish,Household,10.9375,6.624045801526718,65.11812157879572
Vege Chips,Health & Wellness,5.33,7.783969465648855,-31.525939001667158
Vegemite,Pantry,7.95,2.83953488372093,179.97542997542996
Vevelle,Household,5.466666666666666,6.624045801526718,-17.472390281379056
Vitasoy,Dairy & Eggs,3.0,4.79140625,-37.387901516386755
Vitasoy,Drinks,2.8375,7.194803149606299,-60.561811893974216
Vitasoy,Pantry,3.0,2.83953488372093,5.651105651105652
Viva,Household,7.0,6.624045801526718,5.67559781042927
WOW,Frozen,4.0,6.665748031496062,-39.99173114405528
Weet-Bix,Health & Wellness,5.0,7.783969465648855,-35.765421202314414
Weet-Bix,Pantry,7.0,2.83953488372093,146.51924651924654
Western Star,Dairy & Eggs,7.3,4.79140625,52.35610631012556
Westgold,Dairy & Eggs,8.0,4.79140625,66.96559595630198
Whittaker's,Snacks,6.0,4.00984251968504,49.63181148748158
Who Gives A Crap,Household,10.5,6.624045801526718,58.51339671564391
Wicked Sister,Dairy & Eggs,3.3,4.79140625,-31.126691668025437
Wonder,Bakery,4.775,4.643089430894309,2.84100857993346
Woolworths,Bakery,3.821153846153846,4.643089430894309,-17.702342308365786
Woolworths,Dairy & Eggs,4.6075,4.79140625,-3.8382520789173267
Woolworths,Drinks,3.1685185185185185,7.194803149606299,-55.96101168255173
Woolworths,Frozen,5.71025641025641,6.665748031496062,-14.334349524237885
Woolworths,Fruit & Veg,4.280392156862745,3.7485365853658537,14.188352157832353
Woolworths,Health & Wellness,6.871428571428572,7.783969465648855,-11.723335995180655
Woolworths,Meat & Seafood,13.636470588235294,15.261705426356588,-10.649103705766418
Woolworths,Pantry,1.8223684210526316,2.83953488372093,-35.82158713737661
Woolworths,Snacks,1.83,4.00984251968504,-54.362297496318114
YoPRO,Dairy & Eggs,4.32,4.79140625,-9.83857818359692
Yoplait,Dairy & Eggs,5.333333333333333,4.79140625,11.310397304201317
Your Spud Co,Frozen,4.5,6.665748031496062,-32.49069753706218
a2 Milk,Dairy & Eggs,7.3,4.79140625,52.35610631012556
icare,Household,4.766666666666667,6.624045801526718,-28.039950062421976
